Question,Answer
What is the importance of having a savings account?,A savings account earns interest on your deposited money.
How does compound interest work in savings accounts?,Compound interest means earning interest on both your initial deposit and the accumulated interest.
What is the difference between a checking account and a savings account?,"Checking accounts are for day-to-day transactions, while savings accounts are for saving and earning interest."
What are the benefits of having a certificate of deposit (CD)?,"CDs offer fixed interest rates for a set period, making them a safe, low-risk investment."
How can I create a budget to manage my finances effectively?,Create a budget by tracking income and expenses to manage your money effectively.
"What is the purpose of a credit score, and how can I improve it?",A credit score reflects your creditworthiness; you can improve it by paying bills on time.
How can I protect myself from identity theft and fraud?,Protect yourself from identity theft with strong passwords and monitoring your accounts.
What is the difference between a fixed-rate and adjustable-rate mortgage?,"Fixed-rate mortgages have stable interest rates, while adjustable-rate mortgages change over time."
How do I determine the appropriate down payment for a home purchase?,Down payment percentages vary but are often around 20% for conventional mortgages.
"What is the role of a financial advisor, and how do I choose one?",Financial advisors provide investment guidance; choose one with relevant expertise and good communication.
How do I open a new bank account?,Open a bank account by providing necessary documents like ID and proof of address.
What types of fees can I expect for my checking or savings account?,"Fees for accounts can include monthly maintenance, overdraft, and ATM fees."
Can you explain overdraft protection and its costs?,Overdraft protection prevents overdrawing but may have fees or link to a savings account.
"What is online banking, and how do I set it up?",Set up online banking by registering on your bank's website and following their instructions.
How can I order checks for my checking account?,Order checks through your bank's website or by visiting a branch.
What is the process for closing a bank account?,"Close an account by visiting your bank, settling any outstanding balance, and submitting a request."
How can I set up automatic bill payments from my account?,Automate bill payments by linking your account to your creditors' billing systems.
"What is a wire transfer, and how does it work?",Wire transfers are used for sending funds quickly and securely to other accounts.
How can I get a copy of my bank statement or transaction history?,Request bank statements through online banking or by visiting your bank.
"What is a secured credit card, and how can it help build credit?",Secured credit cards require a deposit and help establish or rebuild credit.
How do I open a new bank account?,"Apply for a personal loan or credit card online, in person, or by phone, providing personal and financial information."
What types of fees can I expect for my checking or savings account?,"Fixed interest rates remain the same throughout a loan, while variable rates can change."
Can you explain overdraft protection and its costs?,"Loan eligibility depends on your credit history, income, and debt-to-income ratio."
"What is online banking, and how do I set it up?","Calculate loan payments with an online loan calculator, considering interest rates and terms."
How can I order checks for my checking account?,Get pre-approved for a mortgage by submitting financial information to a lender for initial assessment.
What is the process for closing a bank account?,Home equity loans typically offer up to 85% of your home's value as a loan.
How can I set up automatic bill payments from my account?,Missing a credit card payment may result in late fees and negatively impact your credit score.
"What is a wire transfer, and how does it work?",Consolidate debts with a personal loan by paying off high-interest debts with the loan proceeds.
How can I get a copy of my bank statement or transaction history?,"To pay off student loans, create a budget and explore repayment plans or loan forgiveness programs."
"What is a secured credit card, and how can it help build credit?",Dispute errors on your credit report by contacting credit reporting agencies and providing evidence.
How can I start investing in the stock market?,"Start investing by opening a brokerage account, choosing investments, and monitoring your portfolio."
"What is a 401(k) plan, and how does it work?","A 401(k) is a retirement plan where you contribute from your salary, and your employer may match a portion."
Can you explain the concept of risk and return in investments?,Risk and return: Higher risk investments often yield higher returns but with more potential for loss.
What is a diversified investment portfolio?,Diversify your investment portfolio by spreading your money across different assets to reduce risk.
"How do I open a retirement account (e.g., IRA)?",Open an IRA for retirement savings; traditional IRAs offer tax benefits.
What is the role of a financial planner in long-term financial goals?,Financial planners provide personalized financial guidance for long-term goals.
How do I choose the right mutual funds for my investment portfolio?,Choose mutual funds based on your risk tolerance and investment objectives.
What are the tax implications of different investment options?,Investments can have tax implications; consult a tax advisor to understand them.
What is the best way to save for a child's education?,"Save for a child's education through 529 savings plans, which offer tax benefits."
How can I set up an emergency fund?,Create an emergency fund by saving three to six months' worth of living expenses.
How do I choose the right credit card for my needs?,Choose a credit card by considering your spending habits and preferences for rewards and fees.
"What are the fees associated with credit cards, and how can I avoid them?","Credit card fees can include annual fees, late payment fees, and foreign transaction fees."
How does the credit card application process work?,Credit card applications require personal information and a credit check.
Can you explain the concept of credit card interest rates?,Credit card interest rates determine the cost of borrowing; lower rates are better.
What are the best practices for using a credit card responsibly?,Use credit cards responsibly by paying bills on time and not exceeding your credit limit.
How do I report a lost or stolen credit card?,Report a lost or stolen credit card immediately to prevent unauthorized charges.
What should I do if I see unauthorized charges on my credit card statement?,Report unauthorized charges to your credit card issuer to dispute them.
Can you clarify the rewards and benefits of a credit card?,"Credit cards may offer rewards, cashback, or travel benefits; choose one that suits your lifestyle."
How can I request a credit limit increase on my card?,Request a credit limit increase by contacting your credit card issuer and demonstrating good credit behavior.
What is the process for canceling a credit card?,"Cancel a credit card by contacting your issuer, paying off the balance, and requesting closure."
